1,3,712,59.99
1,1,245,59.99
1,4,644,59.99
1,14,512,59.99
1,20,532,59.99
1,25,642,59.99
1,11,62,69.99
1,21,124,69.99
1,16,546,59.99
1,15,633,59.99
1,12,788,69.99
1,28,342,59.99
1,17,134,59.99
1,6,514,59.99
1,2,544,59.99
2,5,235,59.99
2,3,525,59.99
2,20,346,69.99
2,13,25,69.99
2,25,253,59.99
2,7,1225,59.99
2,9,2353,59.99
2,14,142,59.99
2,22,433,59.99
2,15,345,59.99
2,6,267,59.99
2,4,221,59.99
2,11,436,69.99
2,19,534,69.99
2,21,99,69.99
3,2,212,59.99
3,1,346,59.99
3,4,754,59.99
3,23,784,59.99
3,12,753,69.99
3,17,466,59.99
3,16,679,59.99
3,13,286,69.99
3,26,389,59.99
3,21,224,69.99
3,6,357,59.99
3,28,186,59.99
3,20,290,69.99
3,15,764,59.99
3,14,335,59.99
4,2,188,59.99
4,3,256,59.99
4,7,745,59.99
4,21,534,69.99
4,18,642,59.99
4,28,177,59.99
4,14,286,59.99
4,9,176,59.99
4,12,157,69.99
4,15,165,59.99
4,16,742,59.99
4,22,542,59.99
4,20,725,69.99
4,5,563,59.99
4,6,624,59.99
5,12,224,69.99
5,17,188,59.99
5,20,243,69.99
5,26,685,59.99
5,14,845,59.99
5,8,457,59.99
5,21,267,69.99
5,3,176,59.99
5,7,357,59.99
5,16,453,59.99
5,28,235,59.99
5,22,1777,59.99
5,13,734,69.99
5,4,363,59.99
5,1,456,59.99
